Last Name ,First Name,Student ID,Teacher #1 Email,Teacher #2 Email,Teacher #3 Email,Teacher #4 Email,Teacher #5 Email
Carrasco,Gabriel,465486,Nathan_K_Conyer@mcpsmd.org,Suzanne_smedberg@mcpsmd.org,Brian.p.mcmullen@mcpsmd.net,Laurie_A_Wilks@mcpsmd.org,Eugene.a.stanton@mcpsmd.net
Zhao,Dhira,463727,Janice_Bailey@mcpsmd.org,Leonardo_DeValoes@mcpsmd.org,MaryAlice_A_Adah@mcpsmd.org,Melody_Fogle@mcpsmd.org,Donna_L_Gibson@mcpsmd.org
Mandala,Zain,129000,Kevin_P_Lee@mcpsmd.org,Keith_C_Gordon@mcpsmd.org,Mark_R_Estep@mcpsmd.org,Terry_Turner@mcpsmd.org,Leonardo_DeValoes@mcpsmd.org
Castro Dugarte,Zain,478287,leonardo.devaloes@mcpsmd.net,sean.foster@mcpsmd.net,steven.m.watson@mcpsmd.net,MaryAlice_A_Adah@mcpsmd.org,matthew.d.kanach@mcpsmd.net
Chupka,Zain,132808,Diane_R_VanYuga@mcpsmd.org,Clayton_F_Traver@mcpsmd.org,Terry_Turner@mcpsmd.org,Leonardo_DeValoes@mcpsmd.org,Kelly_J_Hardesty@mcpsmd.org
Robbins,Zain,156223,Terry_W_Young@mcpsmd.org,David_R_Hill@mcpsmd.org,brian.p.mcmullen@mcpsmd.net,Stephaine_E_Gomer@mcpsmd.org,eugene.a.stanton@mcpsmd.net 
Lyons,Neema,153004,prasad_gerard@mcpsmd.org,Nathan_K_Conyer@mcpsmd.org,Terry_Turner@mcpsmd.org,Clayton_F_Traver@mcpsmd.org,Jennifer_V_Marks@mcpsmd.org
Sosna,neema,128118,stephanie.e.gomer@mcpsmd.net,kyle.c.lao2@mcpsmd.net,cindy.c.sibrian@mcpsmd.net,timothy.short@mcpsmd.net,maryalice.a.adah@mcpsmd.net
Ren,Neema,269727,nathan.k.conyer@mcpsmd.org,maryalice.a.adah@mcpsmd.org,timothy.short@mcpsmd.org,sean.foster@mcpsmd.net,leslie.gum@mcpsmd.net
Aniya,Neema,128762,Keith_C_Gordon@mcpsmd.org,Sean_Foster@mcpsmd.org,MaryAlice_A_Adah@mcpsmd.org,Timothy_Short@mcpsmd.org,Leslie_Gum@mcpsmd.org
Aniya,Neema,128761,Keith_C_Gordon@mcpsmd.org,MaryAlice_A_Adah@mcpsmd.org,Timothy_Short@mcpsmd.org,Sean_Foster@mcpsmd.org,Leslie_Gum@mcpsmd.org
Hou,Brainy ,131428,Janice_Bailey@mcpsmd.org,Tony_Sohn@mcpsmd.org,Paul_Dethlefsen@mcpsmd.org,Edward_J_Morrell@mcpsmd.org,Jonathan_H_Leong@mcpsmd.org
Schneider ,Brainy,129072,Keith_C_Gordon@mcpsmd.org,paul.dethlefsen@mcpsmd.net,katherine.clowe@mcpsmd.net,Nathan_K_Conyer@mcpsmd.org,Tony_Sohn@mcpsmd.org
Celik,Brainy,138020,sarah.w.bastien@mcpsmd.net,Andrew_Ward@mcpsmd.org,MaryAlice_A_Adah@mcpsmd.org,Jonathan_H_Leong@mcpsmd.org,leonardo.devaloes@mcpsmd.net
Woodward,Brainy,130028,MaryAlice_A_Adah@mcpsmd.org,Keith_C_Gordon@mcpsmd.org,Johny_Sozi@mcpsmd.org,Sean_Foster@mcpsmd.org,Timothy_Short@mcpsmd.org
Ding,Brainy,133125,Kevin_P_Lee@mcpsmd.org,Prasad_Gerard@mcpsmd.org,Clayton_F_Traver@mcpsmd.org,Stephanie_E_Gomer@mcpsmd.org,Cameron_Petke@mcpsmd.org
Zhao,Kenneth,147033,Zachary_S_Kingman@mcpsmd.org,kevin.p.lee@mcpsmd.net,melody.fogle@mcpsmd.net,Terry_Turner@mcpsmd.org,Sarah_W_Bastien@mcpsmd.org
Adolwa,Alexander,293586,( Brian Mcmullen) brian.p.mcmullen@mcpsmd.net,(Donna Gibson) donna.l.gibson@mcpsmd.net,(Kathrine Clowe) katherine.clowe@mcpsmd.net,(Mary Adah) maryalice.a.adah@mcpsmd.net,(Edward Morrell) edward.j.morrell@mcpsmd.net
Rao,Kenneth,443533,Edward_J_Morrell@mcpsmd.org,MaryAlice_A_Adah@mcpsmd.org,Sarah_W_Bastien@mcpsmd.org,Johny_Sozi@mcpsmd.org,William_K_Lewis@mcpsmd.org
Mahawar,Alexander,131563,Janice_Bailey@mcpsmd.org,MaryAlice_A_Adah@mcpsmd.org,Keith_C_Gordon@mcpsmd.org,Paul_Dethlefsen@mcpsmd.org,Edward_J_Morrell@mcpsmd.org
Wells,Kenneth,297331,Timothy_Short@mcpsmd.org,MaryAlice_A_Adah@mcpsmd.org,Nathan_K_Conyer@mcpsmd.org,Sean_Foster@mcpsmd.org,David_Rogoza@mcpsmd.org
Fayer,Alexander,434912,Terry.Turner@mcpsmd.net,Gilbert.b.Cooperii@mcpsmd.net,Clayton.F.Traver@mcpsmd.net  ,Kelly_J_Hardesty@mcpsmd.org,Janice_Bailey@mcpsmd.org
Diak,Alexander,131649,maryalice_A_Adah@mcpsmd.org,prasad_gerard@mcpsmd.org,sean.foster@mcpsmd.net,katherine_clowe@mcpsmd.org,ChrissyAnn_Villavicencio@mcpsmd.org
Jiang,Kenneth,187878,MaryAlice_A_Adah@mcpsmd.org,Katherine_Clowe@mcpsmd.org ,Edward_J_Morrell@mcpsmd.org,Steven_M_Watson@mcpsmd.org,Nathan_K_Conyer@mcpsmd.org 
Chen,Kenneth,131519,Laurie_A_Wilks@mcpsmd.org,MaryAlice_A_Adah@mcpsmd.org,paul_dethlefsen@mcpsmd.org,Donna_L_Gibson@mcpsmd.org,katherine.clowe@mcpsmd.net
Socrates,Alexander,131906,Keith_C_Gordon@mcpsmd.org,Janice_Bailey@mcpsmd.org,MaryAlice_A_Adah@mcpsmd.org,Timothy_Short@mcpsmd.org,Stephanie_E_Gomer@mcpsmd.org
Hynes,Zach,233862, david.r.hill@mcpsmd.net, edward.j.morrell@mcpsmd.net, maryalice.a.adah@mcpsmd.net, katherine.clowe@mcpsmd.net, garrett.dobbs@mcpsmd.net
Tharun,zachary,129010,Kevin_P_Lee@mcpsmd.org,Zachary_S_Kingman@mcpsmd.org,Terry_Turner@mcpsmd.org,Sarah_W_Bastien@mcpsmd.org,Mark_R_Estep@mcpsmd.org
Vadlamudi,Zachary,134934,Marcia.J.Snavely@mcpsmd.net,anupama.m.sekhsaria@mcpsmd.net,debora.speirs@mcpsmd.net,christopher.l.hanson@mcpsmd.net,lindsay.junkins@mcpsmd.net
Sasanakoti,zachary,132761,Mark_R_Estep@mcpsmd.org,Keith_C_Gordon@mcpsmd.org,ChrissyAnn_Villavicencio@mcpsmd.org,Sean_Foster@mcpsmd.org,Terry_Turner@mcpsmd.org
Wasi,Zachary,10049999,irina.a.bee@mcpsmd.net,clayton.f.traver@mcpsmd.net ,garrett.dobbs@mcpsmd.net,chrissyann.villavicencio@mcpsmd.net,johny.sozi@mcpsmd.net
Kitlinska,Zain,467059,Helen_Mazikins@mcpsmd.org,Eugene_A_Stanton@mcpsmd.org,Laura_E_Ackerman@mcpsmd.org,Gilbert_B_CooperII@mcpsmd.org,David_R_Hill@mcpsmd.org
Hong,Kaleab,126588,Terry_Turner@mcpsmd.org,Clayton_F_Traver@mcpsmd.org,suzanne.smedberg@mcpsmd.net,helen.mazikins@mcpsmd.net,Nathan_K_Conyer@mcpsmd.org
Saafan,Kaleab,187691,Nathan_K_Conyer@mcpsmd.org,Johny_Sozi@mcpsmd.org,Katherine_Clowe@mcpsmd.org,timothy_short@mcpsmd.org,MaryAlice_A_Adah@mcpsmd.org
Kopaliani,Kaleab,128822,nathan.k.conyer@mcpsmd.net,leonardo.devaloes@mcpsmd.net,clayton.f.traver@mcpsmd.net,janice.bailey@mcpsmd.net,terry.turner@mcpsmd.net
Stanford,Kaleab	,123072,MaryAlice_A_Adah@mcpsmd.org,Steven.M.Watson@mcpsmd.net,kyle_c_lao2@mcpsmd.org,Jessica_V_Hoyle@mcpsmd.org,sean.foster@mcpsmd.net 
Liu,Arth,132987,Sarah_W_Bastien@mcpsmd.org,Mark_R_Estep@mcpsmd.org,Kevin_P_Lee@mcpsmd.org,Melody_Fogle@mcpsmd.org,Terry_Turner@mcpsmd.org
Garrison,Arth,182092,MaryAlice_A_Adah@mcpsmd.org,Prasad_Gerard@mcpsmd.org,Stephanie_E_Gomer@mcpsmd.org,Keith_C_Gordon@mcpsmd.org,Timothy_Short@mcpsmd.org
Okobi,Arth,462106,gilbert_b_cooper@mcpsmd.org,Terry_Turner@mcpsmd.org,Michael_A_Fitzgerald2@mcpsmd.org,Kelly_J_Hardesty@mcpsmd.org,Jennifer_V_Marks@mcpsmd.org
Savino,Arth,461540,laura.e.ackerman@mcpsmd.net,marcia.j.snavely@mcpsmd.net, debora_speirs@mcpsmd.org ,Christopher_L_Hanson@mcpsmd.org,David_R_Hill@mcpsmd.org
Kwon,Arth,131588,sean.foster@mcpsmd.net,Laurie_A_Wilks@mcpsmd.org,MaryAlice_A_Adah@mcpsmd.org,edward.j.morrell@mcpsmd.net,Nathan_K_Conyer@mcpsmd.org
Hermann,Antonio,257662,Prasad_Gerard@mcpsmd.org,Alexandra_S_Hicks@mcpsmd.org,Steven_M_Watson@mcpsmd.org,David_Rogoza@mcpsmd.org,Donna_L_Gibson@mcpsmd.org
Simms,Antonio,131958,Keith_C_Gordon@mcpsmd.org,Mark_R_Estep@mcpsmd.org,Kevin_P_Lee@mcpsmd.org,Helen_Mazikins@mcpsmd.org,donna_l_gibson@mcpsmd.org
Kasam,antonio,129710,Terry_Turner@mcpsmd.org,mark_r_estep@mcpsmd.org,Zachary_S_Kingman@mcpsmd.org,chrissyann.villavicencio@mcpsmd.net,Sean_Foster@mcpsmd.org
Gupta,Antonio,132212,andrew_ward@mcpsmd.org,MaryAlice_A_Adah@mcpsmd.org,timothy_short@mcpsmd.org,Cindy_C_Sibrian@mcpsmd.org,Nathan_K_Conyer@mcpsmd.org
Michaels ,claire,465012,eugene_a_stanton@mcpsmd.org,michael.a.fitzgerald2@mcpsmd.net,cameron.petke@mcpsmd.net ,cindy.c.sibrian@mcpsmd.net,tony_sohn@mcpsmd.org
Lee,Claire,129985,mark.r.estep@mcpsmd.org,zachary_s_kingman@mcpsmd.org,mtifford@me.com,Terry_Turner@mcpsmd.org,Donna_L_Gibson@mcpsmd.org
Longbrake,Claire,156433,matthew_d_kanach@mcpsmd.org,sean.foster@mcpsmd.net,maryalice_a_adah@mcpsmd.net,chrissyann.villavicencio2mcpsmd.net,cameron.petke@mcpsmd.net
Porch,Claire,129121,michael_a_fitzgerald2@mcpsmd.net,maryalice.a.adah@mcpsmd.net,laurie.l.wohnhas@mcpsmd.net,cindy.c.sibrian@mcpsmd.net,Sarah_W_Bastien@mcpsmd.org
Magnoni,julia,10010504,Janice_Bailey@mcpsmd.org,Katherine_Clowe@mcpsmd.org,MaryAlice_A_Adah@mcpsmd.org,Matthew_D_Kanach@mcpsmd.org,Keith_C_Gordon@mcpsmd.org
Short,julia,126233,CrissyAnn_Villavicencio@mcpsmd.org,Edward_J_Morrell@mcpsmd.org,MaryAlice_A_Adah@mcpsmd.org,Sean_Foster@mcpsmd.org,Jessica_V_Hoyle@mcpsmd.org
Guo,Julia,126369,Gilbert_B_CooperII@mcpsmd.org,Clayton_F_Traver@mcpsmd.org,Prasad_Gerard@mcpsmd.org,Jennifer_V_Marks@mcpsmd.org,Katherine_M_Waltrup@mcpsmd.org
Valmonte,Julia,128306,Nathan_K_Conyer@mcpsmd.org,Cindy_C_Sibrian@mcpsmd.org,Terry_Turner@mcpsmd.org,prasad.gerard@mcpsmd.net, MaryAlice_A_Adah@mcpsmd.org
Go,Julia,129107,tony_sohn@mcpsmd.org,Leonardo_DeValoes@mcpsmd.org,Keith_C_Gordon@mcpsmd.org,timothy.short@mcpsmd.net,MaryAlice_A_Adah@mcpsmd.org
Epstein,Claire,131991,Shannon_M_Heaton@mcpsmd.org,MaryAlice_A_Adah@mcpsmd.org,kyle_c_lao2@mcpsmd.org,ChrissyAnn.villavicencio@mcpsmd.net,janice.bailey@mcpsmd.net
Kondragunta,Claire,182390,Nathan_K_Conyer@mcpsmd.org,Donna_L_Gibson@mcpsmd.org,maryalice_a_adah@mcpsmd.org,timothy_short@mcpsmd.org,Tony_Sohn@mcpsmd.org
Chen,Claire,129698,gilbert.b.cooperii@mcpsmd.net,diane.r.vanyuga@mcpsmd.net,MaryAlice_A_Adah@mcpsmd.org,Cindy_C_Sibrian@mcpsmd.org,andrew_ward@mcpsmd.org
Reyes,Claire,131382,diane.r.vanyuga@mcpsmd.net,clayton.f.traver@mcpsmd.net,terry.turner@mcpsmd.net,maryalice.a.adah@mcpsmd.net,kyle.c.lao2@mcpsmd.net
Le,Claire,468554,zachary_s_kingman@mcpsmd.org,debora_speirs@mcpsmd.org ,cameron_petke@mcpsmd.org,Ishan_Khetarpal@mcpsmd.org,Kevin_P_Lee@mcpsmd.org
Kim,Slivia,442262,Lindsay_Junkins@mcpsmd.org,Anupama_M_Sekhsaria@mcpsmd.org,Marcia_J_Snavely@mcpsmd.org,Daniel_W_Savino@mcpsmd.org,brian.p.mcmullen@mcpsmd.net 
Goettsch,Silvia,132142,clayton.f.traver@mcpsmd.net,Terry_Turner@mcpsmd.org,gilbert.b.cooperii@mcpsmd.net,Kelly_J_Hardesty@mcpsmd.org,Helen_Mazikins@mcpsmd.org
Yoon,Sylvia,126743,Terry_Turner@mcpsmd.org,Sean_Foster@mcpsmd.org,Kevin_P_Lee@mcpsmd.org,Keith_C_Gordon@mcpsmd.org,Zachary_S_Kingman@mcpsmd.org
Ravi,Silvia,470830,Gilbert_B_CooperII@mcpsmd.org,Christopher_L_Hanson@mcpsmd.org,Lindsay_Junkins@mcpsmd.org,Ishan_Khetarpal@mcpsmd.org,Leonardo_DeValoes@mcpsmd.org
Kohne,Silvia,129165,prasad_gerard@mcpsmd.org,Terry_W_Young@mcpsmd.org,ChrissyAnn_Villavicencio@mcpsmd.org,Sean_Foster@mcpsmd.org,Johny_Sozi@mcpsmd.org
Kim,Reagan,269972,sarah.w.bastien@mcpsmd.net,MaryAlice_A_Adah@mcpsmd.org,katherine.clowe@mcpsmd.net,leslie_gum@mcpsmd.org,Paul_Dethlefsen@mcpsmd.org
Souza,Regan,476189,Terry_Turner@mcpsmd.org,Clayton_F_Traver@mcpsmd.org,Leonardo_DeValoes@mcpsmd.org,Kyle_C_Lao2@mcpsmd.org,Gilbert_B_CooperII@mcpsmd.org
Bielski,Regan,126275,MaryAlice_A_Adah@mcpsmd.org,timothy_short@mcpsmd.org,nathan.k.conyer@mcpsmd.net,sean.foster@mcpsmd.net,johny.sozi@mcpsmd.net
Kim,Regan,202637,Edward_J_Morrell@mcpsmd.org,Tony_sohn@mcpsmd.org,Timothy_short@mcpsmd.org,MaryAlice_A_Adah@mcpsmd.org,Keith_C_Gordon@mcpsmd.org
Saridena,Valeria,129714,Kevin_P_Lee@mcpsmd.org,Clayton_F_Traver@mcpsmd.org,Stephanie_E_Gomer@mcpsmd.org,Keith_C_Gordon@mcpsmd.org,Zachary_S_Kingman@mcpsmd.org
Huang,Valeria,462104,timothy.short@mcpsmd.net,edward.j.morrell@mcpsmd.net,Andrew_W_Johnson@mcpsmd.org,maryalice.a.adah@mcpsmd.net,tony.sohn@mcpsmd.net
Smalley,Valeria,129481,chrissyann.villavicencio@mcpsmd.net,maryalice.a.adah@mcpsmd.net,Sean.foster@mcpsmd.net,katherine_m_waltrup@mcpsmd.org,timothy.short@mcpsmd.net
Oberman,Valeria,177314,chrissyann.villavicencio@mcpsmd.net,michael.a.fitzgerald2@mcpsmd.net,Cameron_Petke@mcpsmd.org,eugene.a.stanton@mcpsmd.net,johny.sozi@mcpsmd.net
Miryala,Elif,130173,Mark_R_Estep@mcpsmd.org,Kevin_P_Lee@mcpsmd.org,Terry_Turner@mcpsmd.org,Sean_Foster@mcpsmd.org,Leonardo_DeValoes@mcpsmd.org
Lall,Elif,130989,maryalice.a.adah@mcpsmd.net,Nathan_K_Conyer@mcpsmd.org,katherine.clowe@mcpsmd.net,edward.j.morrell@mcpsmd.net,Donna_L_Gibson@mcpsmd.org
Ravulapalli,Elif,133803,terese.robichaud@mcpsmd.net,maryalice.a.adah@mcpsmd.net,Edward_J_Morrell@mcpsmd.org,katherine.clowe@mcpsmd.net,Sean_Foster@mcpsmd.org
Hart,Ethan,123336,gilbert.b.cooperii@mcpsmd.net,terry.turner@mcpsmd.net,clayton.f.traver@mcpsmd.net,prasad.gerard@mcpsmd.net,diane.r.vanyuga@mcpsmd.net
Qian,Elisa,132228,Paul_Dethlefsen@mcpsmd.org,ChrissyAnn_Villavicencio@mcpsmd.org,MaryAlice_A_Adah@mcpsmd.org,Jonathan_H_Leong@mcpsmd.org,Sean_Foster@mcpsmd.org
Niaba,Ethan,133627,Keith_C_Gordon@mcpsmd.org,Mark_R_Estep@mcpsmd.org,Kevin_P_Lee@mcpsmd.org,helen.mazikins@mcpsmd.net,sean.foster@mcpsmd.net
Kim,Elisa,131427,andrew.ward@mcpsmd.net,eugene.a.stanton@mcpsmd.net,jessica.v.hoyle@mcpsmd.net,debora.speirs@mcpsmd.net,anthony.t.nazzaro@mcpsmd.net
Bielawski,Ethan,10008794,edward.j.morrell@mcpsmd.net  ,maryalice.a.adah@mcpsmd.net ,sean.foster@mcpsmd.net,tony.sohn@mcpsmd.net ,jessica.v.hoyle@mcpsmd.net 
Reyes,Ethan,131430,"David_R_Hill@mcpsmd.org, david.r.hill@mcpsmd.net",katherine.m.whipp@mcpsmd.net ,katherine.clowe@mcpsmd.net ,edward.j.morrell@mcpsmd.net ,kyle.c.lao2@mcpsmd.net
Szego,Elisa,468736,John_M_Sparrow@mcpsmd.org,Marcia_J_Snavely@mcpsmd.org,David_R_Hill@mcpsmd.org,Lindsay_Junkins@mcpsmd.org,Keith_C_Gordon@mcpsmd.org
Petrov,Ethan,466433,cindy.c.sibrian@mcpsmd.net,lindsay.junkins@mcpsmd.net,brian.p.mcmullen@mcpsmd.net,terry.w.young@mcpsmd.net,paul.dethlefsen@mcpsmd.net
Lemus Diaz,Elisa,475267,Mr.Lee Kevin_P_Lee@mcpsmd.org,Mr.Gerard Prasad_Gerard@mcpsmd.org,Mr.Foster Sean_Foster@mcpsmd.org,Ms. Van Yuga Diane_R_VanYuga@mcpsmd.org,Mr. Turner Terry_Turner@mcpsmd.org
Singh,Elisa,131288,Janice_Bailey@mcpsmd.org,MaryAlice_A_Adah@mcpsmd.org,Leonardo_DeValoes@mcpsmd.org,Sean_Foster@mcpsmd.org,Keith_C_Gordon@mcpsmd.org
Iyer,Avery,130215,mary-kate_tucker@mcpsmd.org,Edward_J_Morrell@mcpsmd.org,leslie_gum@mcpsmd.org,sean.foster@mcpsmd.net,Paul_Dethlefsen@mcpsmd.org
Mcleggon,Avery,161466,Michael_A_Fitzgerald2@mcpsmd.org,Clayton_F_Traver@mcpsmd.org,Kelly_J_Hardesty@mcpsmd.org,Jennifer_V_Marks@mcpsmd.org ,terry.turner@mcpsmd.net
Halbgewachs,Avery,131443,Gilbert_B_CooperII@mcpsmd.org  ,Terry_Turner@mcpsmd.org,Clayton_F_Traver@mcpsmd.org,Kelly_J_Hardesty@mcpsmd.org,Kyle_C_Lao2@mcpsmd.org
Antonishek,Roma,133084,Keith_C_Gordon@mcpsmd.org,MaryAlice_A_Adah@mcpsmd.org,Tony_Sohn@mcpsmd.org,Edward_J_Morrell@mcpsmd.org,Katherine_Clowe@mcpsmd.org
Feys,Roma,133732,MaryAlice_A_Adah@mcpsmd.org,Melissa_M_Nagy@mcpsmd.org,terry.turner@mcpsmd.net,Anthony_T_Nazzaro@mcpsmd.org,steven.m.watson@mcpsmd.net
Minano Lopez,Roma,466627,Mr. Gilbert B Cooper II/Email: Gilbert_B_CooperII@mcpsmd.org,Ms. Marcia J Snavely/Email: Marcia_J_Snavely@mcpsmd.org,Mr. Daniel W Savino/Email: Daniel_W_Savino@mcpsmd.org,Mr. Xiaochao Yu (Charles)/Email: Xiaochao_Yu@mcpsmd.org,Kathleen Henning/Email: katheecert@gmail.com
McGlinchey,Roma,176280,Edward_J_Morrell@mcpsmd.org,Cindy_C_Sibrian@mcpsmd.org,Sean_Foster@mcpsmd.org,MaryAlice_A_Adah@mcpsmd.org,Laurie_A_Wilks@mcpsmd.org
Tarun,Roma,130287,prasad_gerard@mcpsmd.org,Gilbert_B_CooperII@mcpsmd.org,Terry_Turner@mcpsmd.org,diane.r.vanyuga@mcpsmd.net,Nathan_K_Conyer@mcpsmd.org
Teran,Oliver,148053,terry.turner@mcpsmd.net,gilbert.b.cooperii@mcpsmd.net,kyle.c.lao2@mcpsmd.net,katherine.m.waltrup@mcpsmd.net,leonardo.devaloes@mcpsmd.net
Elam,Oliver,131645,clayton.f.traver@mcpsmd.net,jennifer.v.marks@mcpsmd.net,gilbert.b.cooperii@mcpsmd.net,prasad_gerard@mcpsmd.org,MaryAlice_A_Adah@mcpsmd.org
Nachod,Oliver,132189,cindy.c.sibrian@mcpsmd.net,andrew.ward@mcpsmd.net,maryalice.a.adah@mcpsmd.net,keith.c.gordon@mcpsmd.net,katherine.clowe@mcpsmd.net
Mehta,Oliver,440911,sarah_w_bastien@mcpsmd.org,Clayton_F_Traver@mcpsmd.org,Kevin_P_Lee@mcpsmd.org,Ishan_Khetarpal@mcpsmd.org,Cindy_C_Sibrian@mcpsmd.org
Yu,Oliver,188513,Xiaochao_Yu@mcpsmd.org,Mark_R_Estep@mcpsmd.org,Melody_Fogle@mcpsmd.org,Sarah_W_Bastien@mcpsmd.org,Clayton_F_Traver@mcpsmd.org
Leno,Zia,132479,janice.bailey@mcpsmd.net,MaryAlice_A_Adah@mcpsmd.org,katherine.clowe@mcpsmd.net,Nathan_K_Conyer@mcpsmd.org,katherine.m.waltrup@mcpsmd.net
Roberts,Zia,130183,tony.sohn@mcpsmd.net,edward.j.morrell@mcpsmd.net,janice.bailey@mcpsmd.net,paul.dethlefsen@mcpsmd.net,maryalice.a.adah@mcpsmd.net
Patel,Zia,157813,ChrissyAnn_Villavicencio@mcpsmd.org,Katherine_Clowe@mcpsmd.org,Edward_J_Morrell@mcpsmd.org ,Thomas_A_Lang@mcpsmd.org ,Sean_Foster@mcpsmd.org 
Tamashasky,Zia,128072,Katherine_Clowe@mcpsmd.org,Timothy_Short@mcpsmd.org,Johny_Sozi@mcpsmd.org,Donna_L_Gibson@mcpsmd.org,MaryAlice_A_Adah@mcpsmd.org
Barsness,Zia,130826,Terry_Turner@mcpsmd.org,Gilbert_B_CooperII@mcpsmd.org,Helen_Mazikins@mcpsmd.org,Nathan_K_Conyer@mcpsmd.org,Tony_Sohn@mcpsmd.org
Soskin,Lauren,127819,Cindy_C_Sibrian@mcpsmd.org,Matthew_d_kanach@mcpsmd.org,Laurie.l.wohnhas@mcpsmd.net,terese.robichaud@mcpsmd.net,Nathan _k_conyer@mcpsmd.org
Karapanos,Lauren,10006173,maryalice.a.adah@mcpsmd.net,johny.sozi@mcpsmd.net,leonardo.devaloes@mcpsmd.net,timothy.short@mcpsmd.net,sean.foster@mcpsmd.net
Foley,Lauren,420119,Christopher_L_Hanson@mcpsmd.org,Lindsay_Junkins@mcpsmd.org,Ishan_Khetarpal@mcpsmd.org,Debora_Speirs@mcpsmd.org,Andrew_Ward@mcpsmd.org
Huang,Michael,129307,Kevin_P_Lee@mcpsmd.org,zachary.s.kingman@mcpsmd.net,leonardo.devaloes@mcpsmd.net,sarah.w.bastien@mcpsmd.net,Prasad_Gerard@mcpsmd.org
Yaddula,Michael,133168,Janice_Bailey@mcpsmd.org,andrew.ward@mcpsmd.net,ishan.khetarpal@mcpsmd.net,timothy.short@mcpsmd.net,sean.foster@mcpsmd.net
Guruvayurappan,Michael,468763,xiaochao.yu@mcpsmd.net,ishan.khetarpal@mcpsmd.net,kyle.c.lao2@mcpsmd.net,zachary.s.kingman@mcpsmd.net,laurie.l.wohnhas@mcpsmd.net
Manthini,Michael,130077,nathan.k.conyer@mcpsmd.net ,Kelly_J_Hardesty@mcpsmd.org,gilbert.b.cooperii@mcpsmd.net,terry.turner@mcpsmd.net,clayton.f.traver@mcpsmd.net
Okubamariam,Michael,167201,Zachary_S_Kingman@mcpsmd.org,Xiaochao_Yu@mcpsmd.org,ChrissyAnn_Villavicencio@mcpsmd.org,Terry_Turner@mcpsmd.org,Sean_Foster@mcpsmd.org
Barbosa,Nicholas,473108,marcia.j.snavely@mcpsmd.net,Tony_Sohn@mcpsmd.org,Gilbert_B_CooperII@mcpsmd.org,Paul_Dethlefsen@mcpsmd.org,Global teacher placeholder
Pioli,Nicholas,464094,David_Rogoza@mcpsmd.org,Keith_C_Gordon@mcpsmd.org,Daniel_W_Savino@mcpsmd.org, Eugene_A_Stanton@mcpsmd.org,andrew_ward@mcpsmd.org 
Mo,Nicholas,154731,Cindy_C_Sibrian@mcpsmd.org,Xiaochao_Yu@mcpsmd.org, Zachary_S_Kingman@mcpsmd.org, Terry_Turner@mcpsmd.org, maximagoohs@gmail.com
PANDIT,Nick,133633,Kevin_P_Lee@mcpsmd.org,Keith_C_Gordon@mcpsmd.org,leonardo.devaloes@mcpsmd.net,Sarah_W_Bastien@mcpsmd.org,Mark_R_Estep@mcpsmd.org
Babbar,Patrick,139409,Keith_C_Gordon@mcpsmd.org,maryalice.a.adah@mcpsmd.net,janice.bailey@mcpsmd.net ,mary-kate_tucker@mcpsmd.org,Lindsay_Junkins@mcpsmd.org
Singh,Patrick,187393,Kevin_P_Lee@mcpsmd.org,Lindsay_Junkins@mcpsmd.org,Gilbert_B_CooperII@mcpsmd.org,Andrew_Ward@mcpsmd.org,Leonardo_DeValoes@mcpsmd.org
Wexler,Patrick,10005326,maryalice.a.adah@mcpsmd.net,katherine.clowe@mcpsmd.net>,johny.sozi@mcpsmd.net ,helen.mazikins@mcpsmd.net,terry.w.young@mcpsmd.net
Tripuramallu,Patrick,133149,maryalice.a.adah@mcpsmd.net,chrissyann.villavicencio@mcpsmd.net,jennifer.v.marks@mcpsmd.net,johny.sozi@mcpsmd.net,diane.r.vanyuga@mcpsmd.net
Weaver,Patrick,472820,cindy.c.sibrian@mcpsmd.net,Sean_Foster@mcpsmd.org,marcia.j.snavely@mcpsmd.net,justin.nowell@mcpsmd.net,terry.turner@mcpsmd.net
Yegorova,Joseph,133988,terese_robichaud@mcpsmd.org,katherine.clowe@mcpsmd.net,MaryAlice_A_Adah@mcpsmd.org,Keith_C_Gordon@mcpsmd.org,timothy_short@mcpsmd.org
Ayele,Joseph,221778,kevin.p.lee@mcpsmd.net,zachary.s.kingman@mcpsmd.net ,Keith_C_Gordon@mcpsmd.org ,Alexandra_S_Hicks@mcpsmd.org ,terry.turner@mcpsmd.net 
Akpala,Joseph,225307,kelly.j.hardesty@mcpsmd.net,gilbert.b.cooperii@mcpsmd.net ,clayton.f.traver@mcpsmd.net,alexandra.s.hicks@mcpsmd.net,jennifer.v.marks@mcpsmd.net
Tupa,Joseph,130008,Kelly_J_Hardesty@mcpsmd.org,Sean_Foster@mcpsmd.org,Terry_Turner@mcpsmd.org,Steven_M_Watson@mcpsmd.org,Terry_W_Young@mcpsmd.org
Sharma,Joseph,130241,Kevin_P_Lee@mcpsmd.org,Zachary_S_Kingman@mcpsmd.org,Mark_R_Estep@mcpsmd.org,Stephanie_E_Gomer@mcpsmd.org,Clayton_F_Traver@mcpsmd.org
Brown,Jordan,125658,timothy_short@mcpsmd.org,MaryAlice_A_Adah@mcpsmd.org,cameron_petke@mcpsmd.org,Keith_C_Gordon@mcpsmd.org,David_R_Hill@mcpsmd.org
Pawar,Jordan,132451,edward_j_morrell@mcpsmd.org OR edward.j.morrell@mcpsmd.net,maryalice.a.adah@mcpsmd.net,janice.bailey@mcpsmd.net,katherine.clowe@mcpsmd.net,sean.foster@mcpsmd.net
Hartings,jordan,133368,Prasad_Gerard@mcpsmd.org,clayton.f.traver@mcpsmd.net,terry.turner@mcpsmd.net,helen.mazikins@mcpsmd.net,Marcia_J_Snavely@mcpsmd.org
Shrivatsa,Jordan,128117,Nathan_K_Conyer@mcpsmd.org,maryalice.a.adah@mcpsmd.net,terese.robichaud@mcpsmd.net,timothy.short@mcpsmd.net,sean.foster@mcpsmd.net
Abuhatab,Jordan,125211,Laurie_A_Wilks@mcpsmd.org,janice.bailey@mcpsmd.net,MaryAlice_A_Adah@mcpsmd.org,keith_c_gordon@mcpsmd.org,sarah.w.bastien@mcpsmd.net
Im,Amelia,128324,MaryAlice_A_Adah@mcpsmd.org,Tony_Sohn@mcpsmd.org,leonardo_devaloes@mcpsmd.org,Donna_L_Gibson@mcpsmd.org,edward_j_morrell@mcpsmd.org
Liaw,Amelia,125876,kevin_p_lee@mcpsmd.org,zachary.s.kingman@mcpsmd.net,stephanie_e_gomer@mcpsmd.org,clayton.f.traver@mcpsmd.net,Thomas_A_Lang@mcpsmd.org
Wang,Amelia,10001890,kevin_p_lee@mcpsmd.org,zachary_s_kingman@mcpsmd.org,mark_r_estep@mcpsmd.org,leonardo.devaloes@mcpsmd.net/leonardo_devaloes@mcpsmd.org,clayton.f.traver@mcpsmd.net
Zhang,Amelia,130545,diane.r.vanyuga@mcpsmd.net,Keith_C_Gordon@mcpsmd.org,Nathan_K_Conyer@mcpsmd.org,Prasad_Gerard@mcpsmd.org,clayton.f.traver@mcpsmd.net
Pioli,Jocelyn,464096, andrew_ward@mcpsmd.org ,Daniel_W_Savino@mcpsmd.org,eugene.a.stanton@mcpsmd.net,Keith_C_Gordon@mcpsmd.org,David_Rogoza@mcpsmd.org
Liu,Grace,131498,Sean_Foster@mcpsmd.org,Stephanie_E_Gomer@mcpsmd.org,leslie.gum@mcpsmd.net,edward.j.morrell@mcpsmd.net,Paul_Dethlefsen@mcpsmd.org
Yee,Grace,130415,edward.j.morrell@mcpsmd.net,maryalice.a.adah@mcpsmd.net,Nathan_K_Conyer@mcpsmd.org,cindy.c.sibrian@mcpsmd.net,sean.foster@mcpsmd.net
Tang ,Grace,130299,David_R_Hill@mcpsmd.org,Janice_Bailey@mcpsmd.org,MaryAlice_A_Adah@mcpsmd.org,Prasad_Gerard@mcpsmd.org,Terese_Robichaud@mcpsmd.org
Jerald,Sannidhi,131066,Prasad_Gerard@mcpsmd.org,Gilbert_B_CooperII@mcpsmd.org,Terry_Turner@mcpsmd.org,Diane_R_VanYuga@mcpsmd.org,Nathan_K_Conyer@mcpsmd.org
Zhang,Sannidhi,134409,Mark_R_Estep@mcpsmd.org,Zachary_S_Kingman@mcpsmd.org,Melody_Fogle@mcpsmd.org,Leonardo_DeValoes@mcpsmd.org,Terry_Turner@mcpsmd.org
Sriram,Sannidhi,133128,MaryAlice_A_Adah@mcpsmd.org,Gilbert_B_CooperII@mcpsmd.org,Terry_Turner@mcpsmd.org,Terese_Robichaud@mcpsmd.org,Keith_C_Gordon@mcpsmd.org
,Sannidhi,,,,,,
,Sannidhi,,,,,,
,Srinidhi,,,,,,
,Srinidhi,,,,,,
,Srinidhi	,,,,,,
,Srinidhi	,,,,,,
,Florence,,,,,,
,Florence,,,,,,
,Florence,,,,,,
,Aiden,,,,,,
,Aiden,,,,,,
,Aiden,,,,,,
,Aiden,,,,,,
,Kaitlyn,,,,,,
,Kaitlyn,,,,,,
,Kaitlyn,,,,,,
,Kaitlyn,,,,,,
,Gabriel,,,,,,
,Gabriel,,,,,,
,Gabriel,,,,,,
,Nicole,,,,,,
,Nicole,,,,,,
,Nicole,,,,,,
,Jaden,,,,,,
,Jaden,,,,,,
,jaden,,,,,,
,Jaden,,,,,,
,lindsay,,,,,,
,Lindsay,,,,,,
,Lindsay,,,,,,
,Eric,,,,,,
,lindsey,,,,,,
,Lindsay,,,,,,
,Eric,,,,,,
,Eric,,,,,,
,Eric	,,,,,,
,Tessa,,,,,,
,Tessa,,,,,,
,Tessa,,,,,,
,tessa,,,,,,
,Tessa,,,,,,
,Tessa,,,,,,
,eugene,,,,,,
,Eugene,,,,,,
,eugene,,,,,,
,Eugene,,,,,,
,Ravi,,,,,,
,ravi,,,,,,
,Ravi,,,,,,
,Ravi,,,,,,
,Ravi,,,,,,
,Abigail,,,,,,
,Abigail,,,,,,
,Abigail,,,,,,
,Abigail,,,,,,
,Jiaxin,,,,,,
,Jiaxin,,,,,,
,jiaxin,,,,,,
,Jiaxin,,,,,,
,Jiaxin,,,,,,
,Adrian,,,,,,
,Adrian,,,,,,
,Adrian,,,,,,
,Adrian,,,,,,
,Shreyas,,,,,,
,Shreyas,,,,,,
,Shreyas	,,,,,,
,Shreyas	,,,,,,
,Wasi,,,,,,
,Jonah,,,,,,
,Matthew,,,,,,
,Jonah,,,,,,
,nathaniel,,,,,,
,Matthew,,,,,,
,Andrew,,,,,,
,Matthew,,,,,,
,Andrew,,,,,,
,Andrew,,,,,,
,Nathaniel,,,,,,
,Andrew,,,,,,
,Matthew,,,,,,
,Nathaniel,,,,,,
,nathaniel,,,,,,
,Andrew,,,,,,
,Jonah,,,,,,
,Nathaniel,,,,,,
,Jonah,,,,,,
,Jonah,,,,,,
,Weronika,,,,,,
,Weronika,,,,,,
,Weronika,,,,,,
,Weronika,,,,,,
,Weronika,,,,,,
,Connor,,,,,,
,Connor,,,,,,
,Connor,,,,,,
,Connor,,,,,,
,Connor,,,,,,
,Rithvik,,,,,,
,Rithvik,,,,,,
,Rithvik,,,,,,
,Rithvik,,,,,,
,rithvik,,,,,,
,Rithvik,,,,,,
,Nick,,,,,,
,Nikolay,,,,,,
,Nick,,,,,,
,Olivia,,,,,,
,olivia,,,,,,
,Olivia,,,,,,
,Olivia,,,,,,
,Olivia,,,,,,
,Mihika,,,,,,
,mahika,,,,,,
,Mihika,,,,,,
,Mihika,,,,,,
,Mihika,,,,,,
,Patrick,,,,,,
,Patrick,,,,,,
,Patrick,,,,,,
,Patrick,,,,,,
,Patrick	,,,,,,
,Jacob,,,,,,
,	Jacob	,,,,,,
,Jacob	,,,,,,
,Nathaly,,,,,,
,Nathaly,,,,,,
,Nathaly,,,,,,
,Nathaly ,,,,,,
,Michael,,,,,,
,Michael,,,,,,
,Michael,,,,,,
,Jason,,,,,,
,Jason,,,,,,
,Jason,,,,,,
,Jason	,,,,,,
,Ellen,,,,,,
,ellen,,,,,,
,Sophia,,,,,,
,Ellen,,,,,,
,Sophia,,,,,,
,Ellen,,,,,,
,Sophia,,,,,,
,	Sophia	,,,,,,
,Rachel,,,,,,
,Rachel,,,,,,
,Rachel,,,,,,
,Rachel,,,,,,
,Rachel ,,,,,,
,Asher,,,,,,
,Asher,,,,,,
,Asher,,,,,,
,Asher,,,,,,
,Isabela,,,,,,
,Isabela,,,,,,
,Isabela,,,,,,
,Isabela,,,,,,
,Isabela,,,,,,
,nitya,,,,,,
,Nitya,,,,,,
,Nitya,,,,,,
,Nitya,,,,,,
,Nitya,,,,,,
,Mihith,,,,,,
,Mihith,,,,,,
,Mihith,,,,,,
,Risha,,,,,,
,Risha,,,,,,
,Risha,,,,,,
,Risha,,,,,,
,Brian,,,,,,
,kyra,,,,,,
,Kyra,,,,,,
,Kyra,,,,,,
,Kyra,,,,,,
,Kyra,,,,,,
,Brianna,,,,,,
,Brianna,,,,,,
,Brianna,,,,,,
,Brianna,,,,,,
,Aarav,,,,,,
,Aarav,,,,,,
,Aarav,,,,,,
,Aarav,,,,,,
,Aarav,,,,,,
,Lauren,,,,,,
,Lauren,,,,,,
,lauren,,,,,,
,Lauren,,,,,,
,Lauren,,,,,,
,Grace ,,,,,,
,Grace,,,,,,
,Grace,,,,,,
,Grace,,,,,,
,Saharsh,,,,,,
,Saharsh,,,,,,
,Saharsh	,,,,,,
,Victoria,,,,,,
,Victoria (Vickie),,,,,,
,Victoria	,,,,,,
,Mick,,,,,,
,Nicholas,,,,,,
,Nicholas (NIck) ,,,,,,
,Nicholas,,,,,,
,Nicholas,,,,,,
,Nicholas (Nick),,,,,,
,Lorraine,,,,,,
,Lorraine,,,,,,
,Lorraine,,,,,,
,Lorraine,,,,,,
,Lorraine	,,,,,,
,Bridget,,,,,,
,Bridget,,,,,,
,Bridget,,,,,,
,Bridget,,,,,,
,Bridget,,,,,,
,Gabriel,,,,,,
,Gabriel,,,,,,
,Gabe,,,,,,
,Gabriel,,,,,,
,Lulya,,,,,,
,Lulya,,,,,,
,Lulya,,,,,,
,Lulya	,,,,,,
,Yash,,,,,,
,Yash,,,,,,
,Yash,,,,,,
,YASH	,,,,,,
,Ishaan,,,,,,
,ishaan,,,,,,
,Ishaan,,,,,,
,Ishaan,,,,,,
,Shalav,,,,,,
,shalav,,,,,,
,Shalav,,,,,,
,Shalav,,,,,,
,Shalav,,,,,,
,Daniel,,,,,,
,Daniel,,,,,,
,Daniel,,,,,,
,Daniel,,,,,,
,Daniel,,,,,,
,Emma,,,,,,
,Audrey,,,,,,
,Audrey,,,,,,
,Emma,,,,,,
,Audrey,,,,,,
,Emma,,,,,,
,Audrey,,,,,,
,Emma,,,,,,
,Cara,,,,,,
,Cara,,,,,,
,Cara,,,,,,
,Cara,,,,,,
,Cara,,,,,,
,Ethan,,,,,,
,Ethan,,,,,,
,Ethan,,,,,,
,Ethan,,,,,,
,arjun,,,,,,
,Arjun,,,,,,
,Arjun,,,,,,
,Arjun,,,,,,
,Arjun,,,,,,
,Ritviik,,,,,,
,Ritviik,,,,,,
,Ritviik,,,,,,
,Saanvika,,,,,,
,Saanvika,,,,,,
,Saanvika,,,,,,
,Saanvika,,,,,,
,Saanvika,,,,,,
,Ben,,,,,,
,Ben,,,,,,
,Ben,,,,,,
,Ben,,,,,,
,Ben,,,,,,
,Lucia,,,,,,
,Lourdes,,,,,,
,Lourdes,,,,,,
,lourdes,,,,,,
,Lucia,,,,,,
,Lourdes,,,,,,
,Lucía ,,,,,,
,Ravi,,,,,,
,Olivia,,,,,,
,Olivia,,,,,,
,Olivia,,,,,,
,Olivia,,,,,,
,Olivia,,,,,,
,brooke,,,,,,
,brooke,,,,,,
,Brooke,,,,,,
,Brooke,,,,,,
,Hani,,,,,,
,Umme Hani,,,,,,
,Umme Hani,,,,,,
,Umme Hani,,,,,,
,Umme Hani,,,,,,
,Ananya,,,,,,
,Ananya,,,,,,
,Ananya,,,,,,
,Ananya,,,,,,
,Ananya	,,,,,,
,Shreyas,,,,,,
,Shreyas,,,,,,
,Shreyas,,,,,,
,	Shreyas	,,,,,,
,Benjamin,,,,,,
,Evan,,,,,,
,Evan,,,,,,
,evan,,,,,,
,Evan,,,,,,
,Evan,,,,,,
,Tanisha,,,,,,
,Tanisha,,,,,,
,Tanisha,,,,,,
,	Tanisha	,,,,,,
,Tanisha	,,,,,,
,payton,,,,,,
,Timothy,,,,,,
,Peyton,,,,,,
,Payton,,,,,,
,Payton,,,,,,
,Sanjana,,,,,,
,Sanjana,,,,,,
,Sanjana,,,,,,
,Sanjana,,,,,,
,Sanjana,,,,,,
,Sienna,,,,,,
,Sienna,,,,,,
,Sienna,,,,,,
,	Sienna	,,,,,,
,Veera,,,,,,
,Veera,,,,,,
,Sehah,,,,,,
,Veera,,,,,,
,Sehaj,,,,,,
,Sehaj,,,,,,
,Sehaj,,,,,,
,Veera,,,,,,
,Sehaj,,,,,,
,Evelyn,,,,,,
,Evelyn,,,,,,
,Evelyn ,,,,,,
,Evelyn ,,,,,,
,Krit,,,,,,
,Kithee,,,,,,
,Krithee,,,,,,
,Krithee,,,,,,
,Krithee,,,,,,
,	Paige	,,,,,,
,Paige,,,,,,
,Paige,,,,,,
,Paige,,,,,,
,Paige,,,,,,
,Alexandra,,,,,,
,Alexandra (Alex),,,,,,
,Alexandra,,,,,,
,Elisa,,,,,,
,Cami,,,,,,
,Cami,,,,,,
,Cami,,,,,,
,Cami,,,,,,
,Leo,,,,,,
,Leo,,,,,,
,Leo,,,,,,
,Leo,,,,,,
,Ella ,,,,,,
,Ella,,,,,,
,Ella,,,,,,
,Ella,,,,,,
,Ella,,,,,,
,Paul,,,,,,
,Paul,,,,,,
,Paul,,,,,,
,Paul,,,,,,
,Paul,,,,,,
,Aabha,,,,,,
,Aabha,,,,,,
,Aabha,,,,,,
,Aabha,,,,,,
,Monica,,,,,,
,Agneya,,,,,,
,Agneya,,,,,,
,Agneya	,,,,,,
,Agneya	,,,,,,
,Anish,,,,,,
,Anish,,,,,,
,Anish,,,,,,
,Anish,,,,,,
,Anish,,,,,,
,Kage,,,,,,
,Kage,,,,,,
,Kage,,,,,,
,Kage,,,,,,
,Dhira,,,,,,
,Dhira,,,,,,
,Dhira,,,,,,
,Dhira,,,,,,
,Sequera,,,,,,
,Sequera,,,,,,
,Sequera,,,,,,
,Sequera,,,,,,
,Veronica,,,,,,
,Veronica,,,,,,
,Veronica	,,,,,,
,Veronica	,,,,,,
,Khandaker,,,,,,
,Khandaker,,,,,,
,Khandaker,,,,,,
,Khandaker,,,,,,
,Dylan,,,,,,
,Dylan,,,,,,
,Dylan,,,,,,
,Dylan,,,,,,
,Andrew,,,,,,
,Andrew,,,,,,
,Andrew,,,,,,
,Andrew,,,,,,
,Shimma,,,,,,
,Shimma,,,,,,
,Shimma,,,,,,
,Shimma,,,,,,
,Shimma,,,,,,
,Caitlin,,,,,,
,Caitlin,,,,,,
,Caitlin,,,,,,
,Caitlin,,,,,,
,Caitlin,,,,,,
,Saahas,,,,,,
,Saahas,,,,,,
,Saahas,,,,,,
,Saahas,,,,,,
,Caitlyn,,,,,,
,Caitlyn,,,,,,
,Caitlin,,,,,,
,Caitlyn,,,,,,
,Caitlyn,,,,,,
,Anna,,,,,,
,Anna,,,,,,
,Anna,,,,,,
,Anna,,,,,,
,Anna,,,,,,
,Christian,,,,,,
,Christian,,,,,,
,Christian,,,,,,
,Christian	,,,,,,
,Sylvia,,,,,,
,Sylvia,,,,,,
,Sylvia,,,,,,
,Sylvia,,,,,,
,	Sylvia	,,,,,,
,Sarah,,,,,,
,Sarah,,,,,,
,Sarah,,,,,,
,Sarah,,,,,,
,Sarah,,,,,,
,Annie,,,,,,
,Kevin,,,,,,
,Kevin,,,,,,
,Kevin,,,,,,
,Annie,,,,,,
,Kevin,,,,,,
,Annie,,,,,,
,Annie,,,,,,